 鏡沃小吃  ,4.0,熟食店,"星期日10:00–13:3016:00–18:30
星期一10:00–13:3016:00–18:30
星期二10:00–13:3016:00–18:30
星期三10:00–13:3016:00–18:30
星期四10:00–13:3016:00–18:30
星期五10:00–13:3016:00–18:30
星期六10:00–13:3016:00–18:30
"," ·  內用 
 ·  外送 
","75, 北竿鄉連江縣210",08 365 5558,119.9819161,26.2241272,509 則評論," 任泓諭 
5
  享受前面海旁邊是山帶有雲霧大自然一起用餐真是棒，東西好吃。 "," Kelly Chuang 
4
   "," MING YING CHUO 
5
  可能生意太好
內用只能一人一碗
如果要兩個人以上一碗需要外帶
外帶感覺就欠了一味 "," 朱名煒 
5
  該店在地圖左側，也就是靠近馬路比較高的地方進入會比較好找。

這次來馬祖吃了三家老酒麵線，這家算是集其它兩家的優點而成，或其它兩家煮的沒鏡沃的好:grinning_face_with_sweat: … "," SC Fang (懶喵) 
5
   "," Lisa 
1
  超級超級超級不推薦！
看到別的客人因為位子有了爭執
老闆完全事不關己完全沒有要管 … "," 林芳蘭 
4
  首日北竿行的晚餐，每道菜都特別又好吃！ "," 單單 
5
  來訪時正好有別的遊客買了整瓶的老酒並詢問使用方式，老闆娘：「就當水加。」大概可以解釋這家的調味風格lol據說一天限量120份、因此11點就先來這裡點了老酒麵線與黃金餃（黑板上說明一人一份不可分食）、搭配晴空花園吃早午餐，老酒麵線與其說酒味重、老酒甜味反而更是重點極有韻味，包著花生餡的黃金餃也是可口的甜點。 "," S Dee 
1
  再選一次超不推∼∼∼∼超不推∼∼∼超不推∼∼∼∼ … "," Joan Liao 
5
  (由 Google 提供翻譯) 在地美食

(原始評論)
在地美食 ","https://lh5.googleusercontent.com/p/AF1QipMhXRwG_1LToJh1sM6lEI-A8XL6miXUyxyk_fAl=w203-h152-k-no;
https://lh5.googleusercontent.com/p/AF1QipPIW-YiRD2N8Qz77jPI7SSb5Srh59JAMS19gZSo=w203-h114-k-no;
https://lh5.googleusercontent.com/p/AF1QipMAj_CKgMcRA391JPAnn1hewg-qTfNUyY0csm0c=w203-h135-k-no;
https://lh5.googleusercontent.com/p/AF1QipNGDpiimqYGqdmhgBe1OBKLeoxr1DFSqrNfIQR4=w203-h152-k-no;
https://lh5.googleusercontent.com/p/AF1QipOsltxio3gf-A5DhGASZ5-AfZMtt8A1U90o5RWa=w203-h114-k-no;
","https://lh5.googleusercontent.com/p/AF1QipMmUBII4H3IidPqbRvyyC8OLYR2zpqEW41j1DB0=s483-k-no;
https://lh5.googleusercontent.com/p/AF1QipPQscnd0oHuAH0BU3DeE1zqb1oif3IWgjYEKM3s=s483-k-no;
https://lh5.googleusercontent.com/p/AF1QipP9EhMTp_5tdm4tc3uuFdBWH3flCr1mWaRIfTM5=s483-k-no;
https://lh5.googleusercontent.com/p/AF1QipMmUBII4H3IidPqbRvyyC8OLYR2zpqEW41j1DB0=w203-h152-k-no;
https://lh5.googleusercontent.com/p/AF1QipPQscnd0oHuAH0BU3DeE1zqb1oif3IWgjYEKM3s=w203-h152-k-no;
https://lh5.googleusercontent.com/p/AF1QipP9EhMTp_5tdm4tc3uuFdBWH3flCr1mWaRIfTM5=w203-h152-k-no;
https://lh5.googleusercontent.com/p/AF1QipNievW3dhGEKL6vhMPfdljdWoaE3wVlyeYHVMXO=w203-h270-k-no;
https://lh5.googleusercontent.com/p/AF1QipMdRHYuVc3wTE4lWrs9CH9UFxVJ4rjKSUWlu5FQ=w203-h152-k-no;
","麵線 243
老酒 216
餃 54
黃金 45
煎蛋 27
紅糟 23
夫妻 13
海 12
爺爺 9
肉絲 7
"
 馬祖北竿郵局  ,3.9,"星期日休息
星期一07:30–17:00
星期二07:30–17:00
星期三07:30–17:00
星期四07:30–17:00
星期五07:30–17:00
星期六07:30–11:00
",尚未提供,21041連江縣北竿鄉塘岐村256號,08 365 5363,119.9972491,26.224575,14 則評論," Chia-Yin Hwang 
5
  要領錢很方便，也可以投遞明信片。 "," WeiCheng Liu 
5
  北竿唯一的提款處，勸大家現金帶夠!!! "," 鍾松財z19651016 
4
  位於北竿市中心 "," 曾元煌 
4
   "," 高偉豪 
3
  此地方少有的金融機構。 "," Yo LUCY 
3
  (由 Google 提供翻譯) 方便的ATM place

(原始評論)
方便的ATM place "," 湯蔓華 
3
  當地人存錢/提款/劃撥/寄信的地方 "," Otto陳錦郎 
4
  以前是中正堂電影院~ "," Ethan H 
3
   "," 郭鎧銘 
5
   ","https://lh5.googleusercontent.com/p/AF1QipNj-2g_IxXrid-UGbgCY9Xn9JuKjMj-ioSVfHOX=w203-h152-k-no;
https://lh5.googleusercontent.com/p/AF1QipNvGzwXD6Ma4QCyyB4k0vW9FqEbLGRk_B-27BLf=w203-h152-k-no;
https://lh5.googleusercontent.com/p/AF1QipN01t5WrstZSGI04M1NxxVNtGvnK-VwGPS37fqt=w203-h360-k-no;
https://lh5.googleusercontent.com/p/AF1QipPyEMS8CPDsMMiosZrhQFPTjVbB5eoo1kL-K2Yd=w203-h152-k-no;
https://lh5.googleusercontent.com/p/AF1QipNyKQsi1J1fysnEpWFZn3o9Q3XFy7U-t254jgjc=w203-h152-k-no;
",,
 馬港香林小館  ,4.8,餐廳,"星期日11:00–14:0017:00–19:30
星期一休息
星期二11:00–14:00
星期三11:00–14:00
星期四11:00–14:00
星期五11:00–14:00
星期六11:00–14:0017:00–19:30
"," ·  內用 
 ·  外帶 
 ·  外送 
",連江縣南竿鄉馬祖村70號,08 362 5370,119.918905,26.1597483,87 則評論," 容離 
5
  老爺爺老奶奶開的店，家的味道。 "," 陳俊仁 
5
   "," 蔡松霖 
5
   "," ASA BURU 
5
  一對老夫妻經營，現點現做很道地 "," Wenyi Lin 
5
  道地馬祖風味料理 "," 陳決 
4
  頂邊糊 :star::star:這個不合我口味
紅槽老酒麵線:star::star::star::star::star:這個好，麵線Q，酒味濃
炒花蛤:star::star::star:用蔥薑絲簡單炒一下，有點腥味 … "," 伍迪 
5
  紅糟老酒麵線：:glowing_star: :glowing_star: :glowing_star: :glowing_star: :glowing_star:
老酒味道很香，第一口感覺酒味很重，後面吃起來變酒香跟湯頭甘甜，些許瘦肉，青菜、荷包蛋！
紅糟蛋炒飯：:glowing_star: :glowing_star: :glowing_star: :glowing_star: :glowing_star: … "," Kuanming Huang 
4
   "," Kiwy Ww 
5
  地瓜餃蒸的炸的都很好吃，老酒麵線及鼎邊糊也都很厲害！
鼎邊糊我感覺比獅子市場的好吃XD
來馬祖不可以錯過的店！ "," 高珮筑 
5
  真心好吃
蒸的地瓜餃是心目中馬祖第一 ","https://lh5.googleusercontent.com/p/AF1QipNYaCtUsGp2NjsraiXUHEQhP3-7nR1YKtOCrrf9=w203-h152-k-no;
https://lh5.googleusercontent.com/p/AF1QipMH1ckOmWfLzf_hOhn1U4X4lgTSM5bsqDXqdlnG=w203-h270-k-no;
https://lh5.googleusercontent.com/p/AF1QipMJSAvgu4mm_qNLsn5KVxM2s_cRFrTsA3b6PX8=w203-h152-k-no;
https://lh5.googleusercontent.com/p/AF1QipMr9-ZJPzV4kYRz33LwHqauz1X-nWFJ78mvwMjZ=w203-h152-k-no;
//:0
","https://lh5.googleusercontent.com/p/AF1QipP-rivWFg-wgaehWM7l7x5krzFfL2N3Zy4H8eFn=s508-k-no;
https://lh5.googleusercontent.com/p/AF1QipMDti58f2ih03Rer2OHfKhiDtbhNkXC5xLkUDXh=s635-k-no;
https://lh5.googleusercontent.com/p/AF1QipP-rivWFg-wgaehWM7l7x5krzFfL2N3Zy4H8eFn=w203-h270-k-no;
https://lh5.googleusercontent.com/p/AF1QipMDti58f2ih03Rer2OHfKhiDtbhNkXC5xLkUDXh=w203-h270-k-no;
https://lh5.googleusercontent.com/p/AF1QipOfNyZ2jx_C9sNvaN4MmmARiPXipnQKYrMeV86-=w203-h270-k-no;
https://lh5.googleusercontent.com/p/AF1QipNqJ_xvtKihv6Qdtj9ntRevoQkG2AcHRDetJIte=w203-h203-k-no;
","餃 34
麵線 32
老酒 25
地瓜 23
紅糟 19
炒飯 19
黃金 16
淡菜 15
蒸 9
炒蛋 9
"
 津沙小館  ,4.2,餐廳,"星期日11:00–14:0017:00–21:00
星期一11:00–14:0017:00–21:00
星期二11:00–14:0017:00–21:00
星期三11:00–14:0017:00–21:00
星期四11:00–14:0017:00–21:00
星期五11:00–14:0017:00–21:00
星期六11:00–14:0017:00–21:00
"," ·  內用 
 ·  外帶 
 ·  外送 
",209連江縣南竿鄉61號,0911 761 505,119.9128532,26.1456475,257 則評論," David Chiu 
4
  還算平價的小吃部, 可惜 5 月初的淡菜不是季節, 略小顆了點 "," Pa Small 
5
   "," MING YING CHUO 
5
  麻辣水煮魚再加點一般麵線
絕配 "," Carol Daunn 
5
  食物平價好吃，還有一些伴手禮零食可以帶，另外還有冰棒可以吃，。 "," 蔡劍勤 
5
  推紅糟鰻魚&老酒麵線:red_heart: "," 許KUEI LAN 
4
  很滿足的吃飽這一餐 "," A初茉 A 
1
  前幾週打電話訂位7點半，電話中說2位不用訂，直接過去就好，過去現場又說不收客…真讓人敗興而歸…還是馬祖人做事這麼隨便! "," 時兒 
5
   "," 孝昇江 
5
   "," pipi pi 
3
   ","https://lh5.googleusercontent.com/p/AF1QipPXlyjQTYu-ZEpwD3d9H_11_H13YZViQ8CSWG4X=w203-h113-k-no;
https://lh5.googleusercontent.com/p/AF1QipOncgtvRyXpdVKsRXC2cDLo-bkexaiI2QuRFSey=w203-h135-k-no;
https://lh5.googleusercontent.com/p/AF1QipOr3U9cyzf6O8Rv57YzfYCiir43fnCQIJgWv3G8=w203-h114-k-no;
https://lh5.googleusercontent.com/p/AF1QipMr2eo1HPMlgXuiD37EgZchUOQBvRHBNqFFHWJv=w203-h135-k-no;
https://lh5.googleusercontent.com/p/AF1QipMp-i2g-VZM0suQLLpKy6N3sITF_N9K6Si7V6d6=w203-h152-k-no;
","https://lh5.googleusercontent.com/p/AF1QipM84GLHpGuS-xcx3VDBXvFzeAeX1oXjeKZA0bEv=s635-k-no;
https://lh5.googleusercontent.com/p/AF1QipMbsB52DXYXGKt-J26Xg4Bp6i8MJITSnNxm7bDa=s846-k-no;
https://lh5.googleusercontent.com/p/AF1QipM84GLHpGuS-xcx3VDBXvFzeAeX1oXjeKZA0bEv=w203-h360-k-no;
https://lh5.googleusercontent.com/p/AF1QipMbsB52DXYXGKt-J26Xg4Bp6i8MJITSnNxm7bDa=w203-h360-k-no;
https://lh5.googleusercontent.com/p/AF1QipOcNYtLApCTddKd8fupbWT9ysSMLO-oqBXKWTPP=w203-h360-k-no;
","麵線 30
炒飯 29
水煮魚 26
淡菜 24
紅糟 22
黃金 12
瓜子 9
道 9
"
 弘爺漢堡(介壽店)  ,4.2,早餐餐廳,"星期日05:00–11:00
星期一05:00–11:00
星期二05:00–11:00
星期三05:00–11:00
星期四05:00–11:00
星期五05:00–11:00
星期六05:00–11:00
"," ·  外帶 
",500彰化縣彰化市介壽新村400號,04 711 1734,120.5487987,24.0701991,50 則評論," 劉家華 
4
   "," 黃阿唯 
4
  服務貼心 "," 徐華華 
5
   "," 西瓜 
5
  老闆娘人很好  早餐也好吃 "," Chen Jay 
5
   "," 嚴文心 
4
   "," giant chang 
4
   "," 馬楷鈞 
4
   "," 賴榮智 
3
   "," house benley 
4
   ","https://lh5.googleusercontent.com/p/AF1QipPqtt1y6EgUBfnWs8Ouus4iyARxMD9T9cQEFQFK=w203-h270-k-no;
https://lh5.googleusercontent.com/p/AF1QipMX8_XbNqrc0BKYACrj7kyHBTLWU7FBLchuH7kf=w203-h270-k-no;
https://streetviewpixels-pa.googleapis.com/v1/thumbnail?panoid=MASq2q7PDhvcie49irimvg&cb_client=maps_sv.tactile.gps&w=203&h=100&yaw=146.25124&pitch=0&thumbfov=100;
無提供照片
",,
 大眾飲食店  ,3.8,小餐館 (Bistro),"星期日11:00–14:0017:00–20:00
星期一11:00–14:0017:00–20:00
星期二11:00–14:0017:00–20:00
星期三11:00–14:0017:00–20:00
星期四11:00–14:0017:00–20:00
星期五11:00–14:0017:00–20:00
星期六11:00–14:0017:00–20:00
"," ·  內用 
 ·  外帶 
 ·  外送 
",連江縣南竿鄉馬祖村80號,08 362 2185,119.9189947,26.1600392,686 則評論," 曹爾伙 
5
   "," 邱定卉 
4
  (由 Google 提供翻譯) 美味的食物

(原始評論)
美味的食物 "," 梁大仁 
4
   "," 龔湛恩 
4
   "," Jerry Pan 
3
  還ok "," Wei-Sheng Cheng 
4
  這裡比較推薦多人一起來吃
因為一個人只有點老酒麵線跟炒青菜
份量非常多很夠吃 老酒麵線的味道很夠
炒青菜普通 "," Marda H 
3
  口味偏重但整體算不錯吃，但服務內容實讓人不太舒服，自己送錯桌說我們換位子了他不知道，我們明明一直坐在同一個位子。
整個最糟的是老闆娘兒子送餐時一臉不甘願，盤子拿斜一邊結果湯倒到我的背包上，老闆娘嚇了一跳衝過來道歉和幫忙擦，但當事人卻一句話也不說也不幫忙，看了兩眼轉頭就走了，非常糟糕，死屁孩不爽在家裡幫忙就出去賺錢養家，不要在這邊拖累老母辛苦的生意。 "," CHIEN WEN CHEN 
4
  想吃的炸地瓜水餃沒吃到，非常容易賣完
生意爆好，真的要訂位 "," 蔡嘉閔 
3
   "," Wenyi Lin 
5
  來馬祖必吃的紅糟黃魚，老酒黃魚
誠心建議來這家吃
最道地的媽祖小吃 ","https://lh5.googleusercontent.com/p/AF1QipO0dakCwSx66PStVt0U6wGvpd71RThaNEYbw_Wf=w203-h114-k-no;
https://lh5.googleusercontent.com/p/AF1QipPSgJC_cuhOAaS4U1-ZcT05B2HZe0VS7EyTBgL-=w203-h203-k-no;
https://lh5.googleusercontent.com/p/AF1QipPb_SD8062Qs-LKlAp5z2GDtUiiZsNIIBxK3vVH=w203-h114-k-no;
https://lh5.googleusercontent.com/p/AF1QipOfFnNRFWej7QDz1ETzO0Fu-1Gr70QJ61fggZmp=w203-h152-k-no;
https://lh5.googleusercontent.com/p/AF1QipOFY9adj2gjSUKKdPcuHAV40M8QkHFdvRzUyQNI=w203-h152-k-no;
","https://lh5.googleusercontent.com/p/AF1QipNMkjYjU_n-r36vRgb_F9zAArhE3GNGeQs_DKSa=s508-k-no;
https://lh5.googleusercontent.com/p/AF1QipODgWVKzLVJL7qXNe0yuPIbD3E7n2sT84TuJ6OA=s635-k-no;
https://lh5.googleusercontent.com/p/AF1QipNMkjYjU_n-r36vRgb_F9zAArhE3GNGeQs_DKSa=w203-h270-k-no;
https://lh5.googleusercontent.com/p/AF1QipODgWVKzLVJL7qXNe0yuPIbD3E7n2sT84TuJ6OA=w203-h270-k-no;
https://lh5.googleusercontent.com/p/AF1QipOlW8sd0pI6bBb5sm4vcLzTghlFTzFMAgDDfSbF=w203-h270-k-no;
https://lh5.googleusercontent.com/p/AF1QipMRlfhy7pLLI8VMGtLQIcfq1NT13Z-GBi_eVEuJ=w203-h203-k-no;
","老酒 119
麵線 114
淡菜 59
炒 35
滷味 29
鮮 18
黃金 10
鹹 8
小吃店 6
煎蛋 5
"
 萬家香二店  ,4.1,麵店,"星期日07:00–14:00
星期一07:00–14:00
星期二07:00–14:00
星期三07:00–14:00
星期四07:00–14:00
星期五07:00–14:00
星期六07:00–14:00
",尚未提供,209連江縣南竿鄉介壽村162號,08 362 5155,119.9522756,26.1556795,390 則評論," 林韋翰 
5
   "," JOE Cheng 
4
  (由 Google 提供翻譯) 在地小吃

(原始評論)
在地小吃 "," HANK 
4
  當地美食 "," SC Fang (懶喵) 
5
   "," Moore Kung 
4
   "," 陳智慧 
1
   "," 張大文 
4
   "," 李宗翰 
5
   "," Alisha Chen 
5
  在地人也吃的在地美食，狗麵滿好吃的，狗麵套餐100元很ok "," 陳偉麒 
5
  (由 Google 提供翻譯) 好吃:face_savoring_food:

(原始評論)
好吃:face_savoring_food: ","https://lh5.googleusercontent.com/p/AF1QipOMT_iabxqbgNcVkRWK50fsa7gbupTjlc2gRxfl=w203-h270-k-no;
https://lh5.googleusercontent.com/p/AF1QipPKI0Kh_Sf0nA-P7z9dnITtCj_dbUV-FAk5gcOM=w203-h152-k-no;
https://lh5.googleusercontent.com/p/AF1QipOFFc7OL3qcDUxBk5scWoK1eI_zEcOqZzRu5R3J=w203-h152-k-no;
https://lh5.googleusercontent.com/p/AF1QipOc94kMY91LIq-IW6VMWHrxw52XPFvvWuyNI_A=w203-h130-k-no;
https://lh5.googleusercontent.com/p/AF1QipNdbmoL17Vg-rBPHlv7k53KXecqHpBxDxInCqvL=w203-h152-k-no;
","https://lh5.googleusercontent.com/p/AF1QipMdTx4I4dgbutL7_Hsh8JoFd-FaQrSuPpRaoN5M=s635-k-no;
https://lh5.googleusercontent.com/p/AF1QipOBBWrBQ7KcskFn-IPIBqrihMtCSc7YE0cVyAN6=s508-k-no;
https://lh5.googleusercontent.com/p/AF1QipMdTx4I4dgbutL7_Hsh8JoFd-FaQrSuPpRaoN5M=w203-h203-k-no;
https://lh5.googleusercontent.com/p/AF1QipOBBWrBQ7KcskFn-IPIBqrihMtCSc7YE0cVyAN6=w203-h270-k-no;
https://lh5.googleusercontent.com/p/AF1QipMGrN0RGCq_sz9VaaJt0D-rRkO_LKtoP4ZyPNbO=w203-h360-k-no;
","狗 66
套餐 43
有嚼勁 24
滷味 22
乾麵 21
小吃 12
扁食 7
調味 6
醋 5
"
 大三元飲食店  ,4.6,餐廳,"尚未提供時間
"," ·  內用 
 ·  外帶 
",209連江縣246號,08 362 3303,119.9518271,26.1562642,8 則評論," 雷雷 
5
  紅糟香腸好吃
隨意駐足看村民賣魚 好有趣 "," WenTong Liu 
5
  芋圓燒仙草好吃，謝謝辛苦的阿婆！ "," 林智婷 
5
   "," lu bubu 
4
  價格適中，調味夠，適合搭配飲料 "," 劉佩茹 
5
   "," 鄭小佩 
5
  食材新鮮好吃
雞排必點:face_savoring_food::face_savoring_food: "," I-Hsien Ho 
4
  黃金地瓜餃好吃∼∼
雞排是傳統的口味 "," Shang-Wei Kuo 
4
  南竿少數的炸物店，八方雲集對面，雞排60元價格還算合理，份量大有刷醬味道不錯 ","https://lh5.googleusercontent.com/p/AF1QipNH3rdlUUZNkjS59oNgln372eryaEeeyDntr0lR=w203-h152-k-no;
https://lh5.googleusercontent.com/p/AF1QipN2WiTMmm3xgpPODkYvS0pILYZFGPQFAyKq8Nss=w203-h270-k-no;
https://lh5.googleusercontent.com/p/AF1QipPgxskzUPaJanHO0GsjK4bo-JGNzaKNu3SbNGov=w203-h270-k-no;
//:0
//:0
",,"雞排 3
"
 泰利食堂  ,4.8,台灣餐廳,"星期日12:00–14:0017:30–21:30
星期一17:30–21:00
星期二12:00–14:0017:30–21:00
星期三12:00–14:0017:30–21:00
星期四12:00–14:0017:30–21:00
星期五12:00–14:0017:30–21:00
星期六12:00–14:0017:30–21:30
"," ·  內用 
 ·  外帶 
 ·  外送 
",0986 803 363,120.4890631,26.3669564,186 則評論," SC Fang (懶喵) 
5
   "," chang sherry 
5
  老闆自己釣的魚蝦超級新鮮美味，他們自家養的豬，還有超讚的廚藝，年輕闆娘親切可愛，在這裡用餐真是太開心太享受啦！建議先訂位喔不然吃不到！ "," Greg Tsai 
5
  老闆娘會熱情介紹各項菜色、東引的趣事，也可以詢問當天藍眼淚的淚況。食物好吃無負擔:thumbs_up:切記：要訂位！ "," 王強 
5
  老闆娘很親切，食材新鮮好吃 "," 李雯婷 
5
  親切、新鮮、滿足 "," susan chuang 
5
  新鮮好吃
魚自己釣 豬自己養
吃飯要預約 "," 柳秋正 
5
  年輕貌美的老板娘笑容可掬服務親切，食材新鮮美味老板廚藝精湛。 "," 麗貞顏 
5
  食材新鮮，服務親切，無菜單料理 "," 鄭美幸 
5
  無菜單料理好吃、老闆娘漂亮服務親切 "," 吳建彰 
5
  無菜單料理，要預約才有得吃，餐菜新鮮好吃，服務親切，讚！ ","https://lh5.googleusercontent.com/p/AF1QipNwBOuURChuqwpjbXCIXqptrIYy_NCgYbaFkJk0=w203-h270-k-no;
https://lh5.googleusercontent.com/p/AF1QipN5Qo0g1-XmCboHdsaWoRoZCVkWBktOEUHhlpa9=w203-h135-k-no;
https://lh5.googleusercontent.com/p/AF1QipMUcnQUHhnRpDoNjw4vejpc6_pzgW0WfI92GJv4=w203-h152-k-no;
https://lh5.googleusercontent.com/p/AF1QipMAMSDVHA2iDRN9VoVj5lkiSGVvwMIXRD98hfdO=w203-h152-k-no;
https://lh5.googleusercontent.com/p/AF1QipMp_6IEw7iXqFr5ZEIb1CfCWKYrohuCfuKQOMgR=w203-h152-k-no;
","https://lh5.googleusercontent.com/p/AF1QipNGPj8E4aqLUjrZfN5Qh3US8EiT6a3wHmd8EQ15=s508-k-no;
https://lh5.googleusercontent.com/p/AF1QipOBPY4T-sy3EDZI0DskHXakxHg007Vxd_i9CP81=s483-k-no;
https://lh5.googleusercontent.com/p/AF1QipMOcMFIgB-Hhrjlgn8BUkLflbFEMyDqgT9Snq5D=s508-k-no;
https://lh5.googleusercontent.com/p/AF1QipNGPj8E4aqLUjrZfN5Qh3US8EiT6a3wHmd8EQ15=w203-h270-k-no;
https://lh5.googleusercontent.com/p/AF1QipOBPY4T-sy3EDZI0DskHXakxHg007Vxd_i9CP81=w203-h152-k-no;
https://lh5.googleusercontent.com/p/AF1QipMOcMFIgB-Hhrjlgn8BUkLflbFEMyDqgT9Snq5D=w203-h270-k-no;
https://lh5.googleusercontent.com/p/AF1QipMUcnQUHhnRpDoNjw4vejpc6_pzgW0WfI92GJv4=w203-h152-k-no;
https://lh5.googleusercontent.com/p/AF1QipPlayWqIwhtMxtKFLu63_hX-V51ulFwR9IXBZkP=w203-h270-k-no;
","菜單 36
熱情 20
豬 19
釣 17
紅糟 12
海鮮 9
淡菜 8
旅遊 5
飯 5
湯 5
"
 合歡山管理站販賣部  ,4.1,餐廳,"星期日08:00–18:00
星期一08:00–18:00
星期二08:00–18:00
星期三08:00–18:00
星期四08:00–18:00
星期五08:00–18:00
星期六08:00–18:00
"," ·  內用 
 ·  外帶 
 ·  外送 
",121.2874143,24.1621796,553 則評論," Sam Yan 
3
  疫情影響 關閉中 "," Ku jessku63 
3
   "," Pingho Lee 
4
  高山高麗菜好吃的 "," 徐秀櫻 
4
  高山上的補給站，尤其喜歡關東煮！雖然很貴，這樣240元，可是還是每次必吃！ "," 達魯•尤道•蜜雅•比紹 
5
   "," 梁偉宇 
4
   "," 沈先生 
3
   "," kay Chen 
5
   "," Chehuang Wu 
3
   "," 蔡ERIC 
4
   ","https://lh5.googleusercontent.com/p/AF1QipMiFiSXZRXveLTNOC-WMFiu8fWW6vMRRHZIAzE_=w203-h114-k-no;
https://lh5.googleusercontent.com/p/AF1QipPzp5fiAQbVP8MsyQHxELyrB_cZqQJPNCnVspo8=w203-h152-k-no;
https://lh5.googleusercontent.com/p/AF1QipO9nznLOHxWCh2p74XCoFrMtGvmQBuWoJ6jg5Cq=w203-h135-k-no;
https://lh5.googleusercontent.com/p/AF1QipPwSHg1UUQ35F0B1YVEHqnyauhVRlMPxTGPJ3op=w203-h152-k-no;
https://lh5.googleusercontent.com/p/AF1QipM5ZCqffNtcKpGLApgHGSaaW9eZK03mP88t5Fxj=w203-h114-k-no;
","https://lh5.googleusercontent.com/p/AF1QipM4hmSMVe4MC-niekldX98UQd2YT8HO_SDTdyhb=s635-k-no;
https://lh5.googleusercontent.com/p/AF1QipMkyYCqd1SG1A6dmqeCfSSAgFGFgMSoeUkeNY56=s644-k-no;
https://lh5.googleusercontent.com/p/AF1QipM4hmSMVe4MC-niekldX98UQd2YT8HO_SDTdyhb=w203-h270-k-no;
https://lh5.googleusercontent.com/p/AF1QipMkyYCqd1SG1A6dmqeCfSSAgFGFgMSoeUkeNY56=w203-h114-k-no;
https://lh5.googleusercontent.com/p/AF1QipNmlLgxfvYHHp3g1kZtJj-anhxye2FxnVfLXL_q=w203-h114-k-no;
https://lh5.googleusercontent.com/p/AF1QipOgHbqvAsT_rmzM7ofGQD6dTgWs-kzthOvQzUrM=w203-h152-k-no;
https://lh5.googleusercontent.com/p/AF1QipM7qSSNsW7sJXXXoPt4D9d3Rtexj2RDjjThplvJ=w203-h114-k-no;
","關東煮 44
泡麵 19
廁所 15
垃圾 14
肉粽 12
冷 12
包子 8
茶葉蛋 7
天氣 5
幸福 5
"
 亞亞餐廳  ,4.6,餐廳,"星期日08:00–22:00
星期一08:00–22:00
星期二08:00–22:00
星期三08:00–22:00
星期四08:00–22:00
星期五08:00–22:00
星期六08:00–22:00
"," ·  內用 
 ·  外帶 
",08 368 9156,119.9302681,25.9746803,60 則評論," Pa Small 
5
   "," a Syu 
5
  希望在馬祖當兵的媺雅
看到這篇評論的時候
知道我們很想她。 "," Mango Wu 
5
  點了雞排快餐，份量很大，家常便當菜，很好吃:face_savoring_food: "," Jerry Pan 
5
  (由 Google 提供翻譯) 好吃又便宜, CP 超高

(原始評論)
好吃又便宜, CP 超高 "," 林永振 
5
  來西莒唯一推薦就這家了 ，料好實在 物美價廉，連當地人都愛吃的餐廳 "," Liao阿元 
5
  很不起眼的小店隱藏在小村落的巷弄中，食材都是現做，只老闆娘一個人在煮，趕時間的人建議不要來，但吃過的人一定會懷念。 "," 高珮筑 
5
  真的很難找，找到很值得
份量都很大，食量小建議跟老闆娘說飯少∼∼ "," Net Lin 
5
   "," Ni YI CHEN 
5
  西莒僅存便當店，有去要記得消費，不要讓它消失了....... "," chen-yu lee 
4
   ","https://lh5.googleusercontent.com/p/AF1QipMRJRohuBUJ5pAYY8wWWuQOhWnoDoAntFB9lsTm=w203-h114-k-no;
https://lh5.googleusercontent.com/p/AF1QipPiGiK0BFziguPz9E4aZaf3yF_FQr7uT-AioFRT=w203-h114-k-no;
https://lh5.googleusercontent.com/p/AF1QipMfMbT-qBoaZhtJUUxQ6jS8BlYwBl0gp3wZyCxU=w203-h152-k-no;
https://lh5.googleusercontent.com/p/AF1QipOMvFSiOv6d9b8ZiFP9g-FLSh-egdVD3Ycvki72=w203-h270-k-no;
https://lh5.googleusercontent.com/p/AF1QipNq2kHJhgZRqQSyMU4qedf1lN-KPCYUaC4Q4j-0=w203-h152-k-no;
","https://lh5.googleusercontent.com/p/AF1QipM5uSMHIbBQ_vyzmtPM1qLc00wpLNfsJGi04SeE=s846-k-no;
https://lh5.googleusercontent.com/p/AF1QipOMvFSiOv6d9b8ZiFP9g-FLSh-egdVD3Ycvki72=s508-k-no;
https://lh5.googleusercontent.com/p/AF1QipM5uSMHIbBQ_vyzmtPM1qLc00wpLNfsJGi04SeE=w203-h270-k-no;
https://lh5.googleusercontent.com/p/AF1QipOMvFSiOv6d9b8ZiFP9g-FLSh-egdVD3Ycvki72=w203-h270-k-no;
https://lh5.googleusercontent.com/p/AF1QipOjL5293MjhA-2EiV8NGAZHwUTNKFtSfMQsac2i=w203-h270-k-no;
","便當 7
排骨 5
菜 4
網咖 3
炸雞排 3
碗 3
"
 坊廂玉餐廳  ,4.0,中餐館,"尚未提供時間
"," ·  內用 
 ·  外帶 
",209連江縣介壽村107號之4,08 362 2642,119.9524158,26.1565963,27 則評論," Daniel Luthi 
4
  (由 Google 提供翻譯) 簡單，新鮮的食材完美而有效地烹飪，這是我們在馬祖群島逗留期間有機會用餐的眾多餐廳之一。

(原始評論) … "," 李聰磊 
1
   "," Amei Tseng 
4
   "," Chang Danny 
4
  馬祖的團餐餐廳，菜色豐富，份量足，推薦 "," nrtceh chen 
5
  3天2夜馬祖遊覽。
這餐廳是我們4個團體餐廳，大家公認最好吃，份量最多的。:thumbs_up::thumbs_up::thumbs_up: "," 李錦慧 
5
  9月11日
中午我們旅行團35位於南竿坊x玉餐廳用餐
餐後 … "," 林汪 
1
   "," Serena Serena 
5
  :thumbs_up_light_skin_tone: "," 邱晨 
5
  服務親切 "," 高池國 
4
   ","https://lh5.googleusercontent.com/p/AF1QipN_RfZ_iMjOa3OpJjSXjH3naBD9Vie1-vfjsHhc=w203-h152-k-no;
https://lh5.googleusercontent.com/p/AF1QipO67jf1OdYI23MQzW_jEXVztMwAJKgWFbUbzfXd=w203-h114-k-no;
https://lh5.googleusercontent.com/p/AF1QipN40qaXggWvYP7NcVNBfbB2s56nCYlC0d8v7BUu=w203-h270-k-no;
https://lh5.googleusercontent.com/p/AF1QipOw4UpWYFnpZlL3PV3BsM9TAvP5DGQuY49wc8YF=w203-h270-k-no;
//:0
",,
 香記小吃店  ,4.2,餐廳,"星期日11:00–14:0017:00–20:00
星期一11:00–14:0017:00–20:00
星期二11:00–14:0017:00–20:00
星期三11:00–14:0017:00–20:00
星期四11:00–14:0017:00–20:00
星期五11:00–14:0017:00–20:00
星期六11:00–14:0017:00–20:00
"," ·  內用 
 ·  外帶 
",08 367 7191,120.4884526,26.3669557,88 則評論," Ow Chen 
5
  CP值超高的店家！
原本如我們點了一大堆以為會吃不夠
結果差點吃不完 … "," 嚴小雯 
4
  這次外帶紅糟炒飯 老酒麵線 紅糟雞排都好吃
上次好像是點海鮮麵 菜脯蛋 臭豆腐等等都不錯
強烈建議先預約點餐 不然上菜會等很久
個人大推紅糟雞排 "," CP Su 
4
  大推紅糟炒飯！ 好吃 "," 武芸帆 
5
  老闆很用心，食材新鮮口味極佳 "," JW Chen 
5
   "," 李素華 
5
  平價小吃 "," Hsin-Wei Huang 
5
   "," MAXPOWER R.O.C (MAXPOWER) 
1
   "," 張萬得 
4
  親切!料理好吃! "," LIN WEN-PIN 
5
  紅糟雞排超推
要預約，不然就是等等等。 ","https://lh5.googleusercontent.com/p/AF1QipNDl-2tcB0ivCAJF5lGNNDg_8ksKQ2bijqF1kAs=w203-h203-k-no;
https://lh5.googleusercontent.com/p/AF1QipOyhbdvb9Zb19m_R6yq4P1I-ElYnNvGfsI6c4v1=w203-h152-k-no;
https://lh5.googleusercontent.com/p/AF1QipMufKhO-QMaWpLW9ld32O1-biAy-4nNMrL5gFCm=w203-h152-k-no;
https://lh5.googleusercontent.com/p/AF1QipPzXk78HgNj5shhFt2ic7b1s6Ue2vQ5LGCW2VAE=w203-h152-k-no;
https://lh5.googleusercontent.com/p/AF1QipMdlE7mYoQYdVYnhCtErSqzEhaHjyWfFrxToXWl=w203-h152-k-no;
","https://lh5.googleusercontent.com/p/AF1QipMfq6F01wy9dg0Vf7Y0bmYQq3193Xx5iGFtnXSj=s846-k-no;
https://lh5.googleusercontent.com/p/AF1QipM3671f9422-rKTqccvuft9fme94W-vYkvEdCl4=s508-k-no;
https://lh5.googleusercontent.com/p/AF1QipMfq6F01wy9dg0Vf7Y0bmYQq3193Xx5iGFtnXSj=w203-h360-k-no;
https://lh5.googleusercontent.com/p/AF1QipM3671f9422-rKTqccvuft9fme94W-vYkvEdCl4=w203-h270-k-no;
https://lh5.googleusercontent.com/p/AF1QipNlhqOCrZb67ip-b7hMpwjYj3qeBG7v2qfgC1Xt=w203-h152-k-no;
https://lh5.googleusercontent.com/p/AF1QipOGbx7eR54wEljHc35n57TnAspbWYQ0FWLmKhyl=w203-h135-k-no;
","臭豆腐 17
菜 12
炒飯 11
麵線 9
老酒 8
料理 7
魚 6
煎 3
價格 3
"
 長虹百貨行  ,4.5,雜貨店,"星期日08:00–22:30
星期一08:00–22:30
星期二08:00–22:30
星期三08:00–22:30
星期四08:00–22:30
星期五08:00–22:30
星期六08:00–22:30
"," ·  店內購物 
",212連江縣東引鄉120號,08 367 7303,120.4894151,26.3673421,17 則評論," Paul Chen 
5
  當兵時的好回憶，推薦的實惠百貨，30多年了，老板娘還記得陸高二連 "," 孫文元 
5
  我也是在東引當兵，長虹以前最出名不是裡面的商品,而是彩雲姊妹花
兩位都非常漂亮,對待人都常親切 "," 傅佩勳 
5
  懷念的店家，一直都沒變。 "," Chang lin 
4
   "," Year 年 chang 
5
  老闆娘，人很親切還請我們吃些小點心。 "," 蘇樹炎 
1
  十多年前我在馬祖當兵，因為連長徐瑞謙的介紹(當初業務接到很累，我快退伍前，連長知道我想買酒回台灣，連長要我報他的名號)，我可以買東引將軍酒，當初買了一套，上將(咖啡色)中將(紅色)還有一罐綠色的套裝酒，這套酒花了我近萬元，因為當下我買了2箱東湧大麴、一箱東湧陳高(因為比較重，而且相對之下比較便宜，直接寄我家)，剩下的師令酒我手拿。 … "," chang tine wei 
4
  東西很多 "," 馮祈昱 
5
  老闆娘的外孫女皮膚很黑，但人很好很活潑，讚！ "," 林怡廷 
5
  老闆娘人很好！ "," 劉香均 
5
  什麼都有賣，東引第一百貨行！ ","https://lh5.googleusercontent.com/p/AF1QipNToDSIip0wkoi_9Xuqj5Vi0ICPNLr--yQuhypC=w203-h270-k-no;
https://lh5.googleusercontent.com/p/AF1QipM5EDo-DPiF5uhbM5m0Nc1R2zYxo1wPp_YM2u2K=w203-h114-k-no;
https://lh5.googleusercontent.com/p/AF1QipOpWM188vcSaRWGdyJp65PaKPwQ9vLnzRtT0aTz=w203-h270-k-no;
//:0
//:0
",,
 橋仔阿婆黃金餃  ,4.5,熟食店,"星期日09:00–18:00
星期一09:00–18:00
星期二09:00–18:00
星期三09:00–18:00
星期四09:00–18:00
星期五09:00–18:00
星期六09:00–18:00
",尚未提供,210連江縣北竿鄉121號,119.9936701,26.2347519,17 則評論," JIH CHUN WANG 
4
  今日去撲空，一問之下阿婆已經不在了:loudly_crying_face:，後續不知有沒有子女接。 "," pp pp 
4
  一碗50，蠻特別的，像包餡地瓜圓，不會太甜。 "," 黎志文 
5
   "," 黃建棠 
5
  不知何時會休息、何時會營業，找不到店主的聯絡方式無法事先詢問何時營業，很想品嚐這裡的美味點心卻又空跑了一趟。 "," Lee Nina 
5
  在這冷冷的東北季風裡
來碗阿婆黃金餃
很暖胃
阿婆人也超nice "," Betty Huang 
5
  第一次吃黃金餃，口感很特別，小小一顆裡面居然有包餡，而且還有不同口味；阿婆人很親切又可愛，用心製作的黃金餃在秋冬之際搭配不會過於甜膩的熱紅豆湯，溫暖又好吃！ 有機會再來北竿也一定會再訪！ "," Ken Chen 
5
  很特別的口感，像是包了餡的芋圓 :face_savoring_food:。
阿婆很可愛，去的時候要跟阿婆一起拍照喔！ "," Jimmy Jih 
4
  (由 Google 提供翻譯) 完美的甜點，涼爽的一天。
這些是紅豆湯裡的甜餃子。這些餃子的皮被包裹在非常薄的紅薯中，裡面是芝麻或紅豆。您得到了八張，可以與其他人分享。 … "," Michael Wu 
3
  阿婆一人經營
簡單樸實
紅豆 花生 芝麻口味 … "," 陳宗祺 
5
   ","https://lh5.googleusercontent.com/p/AF1QipPsujWSqJeoaWVLb4HAF6zRia6Gdrfm4W0DH0U=w203-h152-k-no;
https://lh5.googleusercontent.com/p/AF1QipNUvHsW75l69-uLHZvP9A0GZvfxuUu422Cd39CZ=w203-h114-k-no;
https://lh5.googleusercontent.com/p/AF1QipN-Y-fm9x6Ibgh0Go8l-etvZx064lISNyfBWT8=w203-h152-k-no;
https://lh5.googleusercontent.com/p/AF1QipOEtsxxDjG-Tf16FSNB1wTAQU0cOeHFqo5zsMMX=w203-h152-k-no;
https://lh5.googleusercontent.com/p/AF1QipMDr8ENf7d5rf-1scmpoQM0ieNKP8y8dxtZ77UQ=w203-h270-k-no;
",,"綠豆湯 4
餡 4
碗 4
"
 鴻星平海鮮樓  ,3.9,餐廳,"尚未提供時間
"," ·  內用 
 ·  外帶 
 ·  外送 
",210連江縣北竿鄉中正路242號,08 365 5426,119.9979139,26.2247212,43 則評論," HANK 
5
  (由 Google 提供翻譯) 菜色道地！

(原始評論)
菜色道地！ "," Amy Tien 
5
  家常菜馬祖味 "," 孫志國 
4
   "," 乾乾 
5
   "," Wenting Wang 
4
   "," Huang John 
4
   "," 豬媽媽 
5
   "," nrtceh chen 
4
  家庭式的團體餐廳。
菜色可以接受。好吃好下口 "," 陳建志 
5
   "," Fuji Chen 
5
   ","https://lh5.googleusercontent.com/p/AF1QipMZz1FjuXiwusyQQj6JtbK6ATVCPHPVOfgCy9Tu=w203-h135-k-no;
https://lh5.googleusercontent.com/p/AF1QipPbvCzUoq_bmlfo7pWmixgzLilUS3kDT_YBryo1=w203-h270-k-no;
https://lh5.googleusercontent.com/p/AF1QipNfcXkpHLC70SacR9iOT_CI71kg1LRDTkxHtBuO=w203-h114-k-no;
https://lh5.googleusercontent.com/p/AF1QipMWQ2Q3pACD0M_82_nbM-2jn2hjY7rqMg0dBXaT=w203-h152-k-no;

","https://lh5.googleusercontent.com/p/AF1QipMNj9o1Nz145Yqvoj3vkTTFqZA70u_kjKBM9kOc=s635-k-no;
https://lh5.googleusercontent.com/p/AF1QipMNj9o1Nz145Yqvoj3vkTTFqZA70u_kjKBM9kOc=w203-h360-k-no;
","菜 4
速度 3
"
 龍和閩東風味館  ,4.1,閩菜/福建菜館,"星期日10:30–14:0016:30–20:00
星期一10:30–14:0016:30–20:00
星期二10:30–14:0016:30–20:00
星期三10:30–14:0016:30–20:00
星期四10:30–14:0016:30–20:00
星期五10:30–14:0016:30–20:00
星期六10:30–14:0016:30–20:00
"," ·  內用 
 ·  外帶 
 ·  外送 
",08 365 5576,119.9977988,26.2237582,217 則評論," 邱定卉 
4
  美味的餐點,令人喜愛,因疫情無法內用,只能外帶 "," HANK 
5
  菜色不錯∼好吃！ "," Amy Tien 
5
  龍和閩東風味館
上菜很快、很好吃 "," 小旻 
5
  此次兩人用餐，菜色多元上菜速度也算快，散客有接但是要現場候位，以這幾天馬祖行來說，口味算較重的，吃的比較習慣，好吃，是會再度造訪的店。 "," 聶誌暐 
5
   "," Rrree 
1
  態度很差，電話還沒講完就掛我電話，沒本事接8個人就直接講。 "," 黃永和 
3
  環境算舒適，但是雞腿飯味道太鹹，湯可以喝到飽，價錢130元，還是要一堆人點海鮮一起吃較好。 "," catty yeh 
5
   "," 孫志國 
4
   "," 吳秋淑 
4
   ","https://lh5.googleusercontent.com/p/AF1QipPOe-UiZmLej9l3gcwXx6CXgOxesiw5NJcJ-i7X=w203-h203-k-no;
https://lh5.googleusercontent.com/p/AF1QipNwDIq8RNkkAdL4NUh316EZ_OVEgHThvSgY7-Os=w203-h114-k-no;
https://lh5.googleusercontent.com/p/AF1QipN2XqbpjxrAKm_GFP0nSyG4oQZj21WaSvv8E1t8=w203-h203-k-no;
https://lh5.googleusercontent.com/p/AF1QipNb8aZRsPlRo5sC_-S51k9mYLLz7l_sOv6B-UCv=w203-h152-k-no;
//:0
","https://lh5.googleusercontent.com/p/AF1QipOo0OGAONIAODpaw-ut-8bOhKEx6eDEPs4V1bwC=s563-k-no;
https://lh5.googleusercontent.com/p/AF1QipMvrju5fGqXm4QiAGZc6yCm6pFWSvaDX_TmdQ4k=s635-k-no;
https://lh5.googleusercontent.com/p/AF1QipOo0OGAONIAODpaw-ut-8bOhKEx6eDEPs4V1bwC=w203-h152-k-no;
https://lh5.googleusercontent.com/p/AF1QipMvrju5fGqXm4QiAGZc6yCm6pFWSvaDX_TmdQ4k=w203-h203-k-no;
https://lh5.googleusercontent.com/p/AF1QipO4C4ynkNagpjxpyhFswng17b-UtoImj5qYvNx9=w203-h270-k-no;
","炒飯 19
淡菜 15
紅糟 12
涼拌 12
老酒 12
紫菜 11
排骨 11
麵線 7
蚵 5
"
 光餅 GuangBing 特色小吃  ,4.8,"星期日11:00–19:00
星期一休息
星期二11:00–19:00
星期三11:00–19:00
星期四11:00–19:00
星期五11:00–19:00
星期六11:00–19:00
",尚未提供,210連江縣北竿鄉中正路220號,08 365 6286,119.9984062,26.2238446,,"無評論
無評論
無評論","https://lh5.googleusercontent.com/p/AF1QipNn04mRvefUIpzFKuJ2FiKqB7B09RxEShxsHh8z=w203-h114-k-no;
https://lh5.googleusercontent.com/p/AF1QipPdUWVR_TGsKgdHa19fP5zAwOW5gz3k4RNMRhGt=w203-h135-k-no;
https://lh5.googleusercontent.com/p/AF1QipO5y47YbA2gtI3xbS_HJ_NIzrqkiHNpyfstHqYS=w203-h135-k-no;
https://lh5.googleusercontent.com/p/AF1QipOA3ve4eMDHT-KOhbMxvAal49q33eubucnacJwK=w203-h135-k-no;
https://lh5.googleusercontent.com/p/AF1QipPqG6d4gjDPtvQaF9Kj3MUT6jRu6epnpgGEOvgS=w203-h360-k-no;
","https://lh5.googleusercontent.com/p/AF1QipPSYSjxqgIq23m9vcnfm4iuFGyFg0cnPYmDymoY=s846-k-no;
https://lh5.googleusercontent.com/p/AF1QipPqG6d4gjDPtvQaF9Kj3MUT6jRu6epnpgGEOvgS=s846-k-no;
https://lh5.googleusercontent.com/p/AF1QipPSYSjxqgIq23m9vcnfm4iuFGyFg0cnPYmDymoY=w203-h360-k-no;
https://lh5.googleusercontent.com/p/AF1QipPqG6d4gjDPtvQaF9Kj3MUT6jRu6epnpgGEOvgS=w203-h360-k-no;
","無主題 無主題
"
 醉仙樓  ,3.9,中餐館,"尚未提供時間
"," ·  內用 
 ·  外帶 
 ·  外送 
",08 362 6999,119.951272,26.1565561,32 則評論," Ponpon 
4
   "," Rebecca Chen 
3
   "," Lemon 
4
   "," 太太丁 
5
  (由 Google 提供翻譯) 菜好吃！

(原始評論)
菜好吃！ "," Kent Ma 
4
  以團餐的午餐來說整體還不錯，魚挺好吃，魚丸湯也不錯，白切雞也不錯。 "," Jimmy Jih 
4
  (由 Google 提供翻譯) 這家餐廳位於酒店內。
我沒有點任何菜，所以菜的質量令我感到驚喜。
我覺得這裡提供的菜沒有過盛。 … "," Sebastian 
4
  (由 Google 提供翻譯) 美味料理

(原始評論)
美味料理 "," 曹君 
5
  餐點新鮮美味、地點便利 "," Yu Ko 
4
  (由 Google 提供翻譯) 好吃

(原始評論)
好吃 "," Celine Chen 
5
   ","https://lh5.googleusercontent.com/p/AF1QipNOEwrJeyNIFoymLynICJ5SZiZ0p1l6LkH5CxIc=w203-h152-k-no;
https://lh5.googleusercontent.com/p/AF1QipPhu3NaS3qVX4t-H8i38wbzxdD51OJhbv7pW8_v=w203-h152-k-no;
https://lh5.googleusercontent.com/p/AF1QipPyCfIWbNwlNZYBgyeTafaZuipCpLykHs0omSJd=w203-h152-k-no;
https://lh5.googleusercontent.com/p/AF1QipMHtVritzt8q5oZkfBMSKeVEoDjrW4JgOZoG0mq=w203-h152-k-no;
https://lh5.googleusercontent.com/p/AF1QipMocM3mmYHINHYoMjjHjZU_edmY9phjvnPsPvcz=w203-h152-k-no;
","https://lh5.googleusercontent.com/p/AF1QipPr21DdTeNgSaZkdxGDAyUTeplKW-ajE46ASlmp=s846-k-no;
https://lh5.googleusercontent.com/p/AF1QipPr21DdTeNgSaZkdxGDAyUTeplKW-ajE46ASlmp=w203-h360-k-no;
",
 三六九小館  ,4.4,熟食店,"尚未提供時間
"," ·  內用 
 ·  外帶 
",08 362 6639,119.95222,26.15801,37 則評論," 陳加芳 
4
   "," Charles Chang 
5
  實實在在的價位和食物料理，老闆夫妻為人和善，服務親切。但是要吃得早點，有時晚上七點多過後他們就要休息了。 "," I Chen Lin 
4
  (由 Google 提供翻譯) 好吃

(原始評論)
好吃 "," 廖敏策 
5
  麵好吃   量又夠    老闆大大佛心 "," 峨嵋張 
5
   "," Arthur Chang 
2
  味道還不錯
可是份量真的不夠
當兵的朋友別來吃 "," Nicky Fang 
4
  可以吃到道地的馬祖菜，一個人可以點牛肉麵、水餃，多人也有合菜可以點，黃金地瓜餃裹著甜甜的芝麻醬，外頭撒著糖粉，炸的酥脆，是很棒的甜點，價格合理，值得推薦。 "," 楊育翔 
4
  糖醋不錯 "," gordon chen 
5
   "," 劉鈁羚 
5
  第一次來馬祖旅遊！看了很多的美食！不知道是不是時間的關係？很多已經打烊了！看到這家無意間走進來！嗯！這裡的客人應該都在地人！很少觀光客！
我們點了牛肉麵！湯餃！:thumbs_up: ","https://lh5.googleusercontent.com/p/AF1QipNwB7WfZ0Eyy6LnltxguVQggtzST-SEMI4OIRXM=w203-h152-k-no;
https://lh5.googleusercontent.com/p/AF1QipPZal4bApGFRSfCCbvB9VjbZtTyo8Z6Q5peaUOC=w203-h152-k-no;
https://lh5.googleusercontent.com/p/AF1QipMEq4Kh7jXca4uFJCsjQ1rJ1rU8wla96liIG-ys=w203-h270-k-no;
https://lh5.googleusercontent.com/p/AF1QipOsSYMwkn2pFky6pGCkUM7E29EEuy3LPn7yTABH=w203-h270-k-no;
//:0
","https://lh5.googleusercontent.com/p/AF1QipOM0IwsdoQToq9PEp6LXV-8UbnOGCrjHwJRmS5w=s635-k-no;
https://lh5.googleusercontent.com/p/AF1QipOM0IwsdoQToq9PEp6LXV-8UbnOGCrjHwJRmS5w=w203-h360-k-no;
","老酒 5
麵線 5
牛肉麵 4
餃 4
炸 4
紅糟 3
淡菜 3
"
 刺鳥咖啡書店  ,4.4,咖啡廳,"星期日09:00–18:00
星期一09:00–18:00
星期二09:00–18:00
星期三09:00–18:00
星期四09:00–18:00
星期五09:00–18:00
星期六09:00–18:00
"," ·  內用 
 ·  外送 
",20941連江縣南竿鄉復興村222號,0933 008 125,119.9516788,26.1679304,551 則評論," 柯威仁 
5
   "," 韓逍 
5
  風景超美，感覺身處異國
老闆人超Nice:smiling_face_with_hearts: "," David Chiu 
5
  軍營改造成咖啡廳, 刺鳥招牌咖啡與法式甜點都不錯, 布朗尼巧克力很濃郁 "," 何文 
5
   "," 柏宇陳 
5
  沒來過啦 看教主的影片才知道這地方 "," Pa Small 
5
   "," 王新元 
5
  這間咖啡廳建立於當時軍事據點，通常軍事據點坐擁的視角及位置都是相當不錯的，故此咖啡廳喝上一杯咖啡可以說是享受馬祖最好的一切，包含了最好的景色以及最好的時光。而我建議大家可以在南竿跑了早上景點後，可以到刺鳥喝杯咖啡吹著冷氣消消暑，同時待上半天時間也是爽受馬祖最美的景色。我是在離開馬祖前享受這最美的時光，也讓我對於這間咖啡廳是念念不忘，推薦大家一定要來這間咖啡廳喔~ "," Kuoming Huang 
4
   "," 林家榮 
4
   "," Carol Daunn 
4
  觀海無敵的景點，消費稍高，一杯咖啡比星巴克的還貴，品質也可以在加強一些，想找地方放空的可以考慮來這裡，店裡有一條自己的洞穴可以參觀。 ","https://lh5.googleusercontent.com/p/AF1QipOHTLIISIuYCmxsrUgkTiwsq73TDn_uEi6nh5I=w203-h152-k-no;
https://lh5.googleusercontent.com/p/AF1QipOEz-oMtTIq0owJORAnVikIxMoLBkIPTepMEXg-=w203-h360-k-no;
https://lh5.googleusercontent.com/p/AF1QipM3dnx9PfSjA7c571MKASfZgqxPa3bJq3CGNdQZ=w203-h194-k-no;
https://lh5.googleusercontent.com/p/AF1QipNsljzDAiiMcr1iI4Dy6syQaJcHnnHC2sz-6myq=w203-h135-k-no;
//:0
","https://lh5.googleusercontent.com/p/AF1QipMMaY6ue6X-vwJqVPHnz4BpnpZfV_A7p0NWOJ0_=s846-k-no;
https://lh5.googleusercontent.com/p/AF1QipN9xcExen8-H-v72JTYXoAi6J2JjkTVd7C9rmGF=s846-k-no;
https://lh5.googleusercontent.com/p/AF1QipMMaY6ue6X-vwJqVPHnz4BpnpZfV_A7p0NWOJ0_=w203-h270-k-no;
https://lh5.googleusercontent.com/p/AF1QipN9xcExen8-H-v72JTYXoAi6J2JjkTVd7C9rmGF=w203-h270-k-no;
https://lh5.googleusercontent.com/p/AF1QipNQVgNEHwIGH2i0WU4rt2C6VU9u_k9Z-s8ryccS=w203-h360-k-no;
","風景 46
海 33
放空 23
文化 16
隧道 11
文青 11
閱讀 10
藝術品 9
老酒 9
"
 好食人家.house/無菜單私房料理  ,4.5,餐廳,"尚未提供時間
"," ·  內用 
 ·  外帶 
 ·  外送 
",209連江縣南竿鄉清水村104號,0966 738 303,119.9380091,26.152614,248 則評論," Song Chang 
5
  無菜單料理，價格合理且菜色美味可口，值得一訪再訪一來再來每天都來。 "," 黎美 
5
   "," 任艾斯 
5
  (由 Google 提供翻譯) 真的好吃

(原始評論)
真的好吃 "," Huang Cheng-Chi 
4
  新鮮，好吃，服務親切。 "," Kiwy Ww 
5
  金沙南瓜超級好吃！！
來吃了兩次都是一樣的菜色，感覺無菜單料理並非每天菜色不同， 而是為了預防缺貨而打的招牌，這點有點可惜。 "," 高珮筑 
5
  (由 Google 提供翻譯) 最好吃的合菜
很多特色料理 … "," 良鳳施 
4
  用餐環境還不錯，很有私房料理的感覺，有富含家常廚房的手藝！

可惜的是，可能人數只有三個，相較隔壁四人的菜色，略為遜色一些，且重複出現的炸物，又接連在一起，難免覺得有些油膩。 … "," Kerwin Chen 
5
  很棒的餐廳環境很舒服，每道菜都很用心，味道清爽又新鮮！十分推薦！ "," Chiang Apollo 
5
  好吃的無菜單料理！不過要吃多少錢的要在訂位時說，不然老闆娘預設最便宜的（500/人）
炸物偏多！但是都很好吃！
最愛米粉！和餅！ "," Daniel Kang 
5
  (由 Google 提供翻譯) 好吃bj4

(原始評論)
好吃bj4 ","https://lh5.googleusercontent.com/p/AF1QipNZXAZCp0AuWOuoR4hOgMwKgduzLaPZ99CpFTII=w203-h152-k-no;
https://lh5.googleusercontent.com/p/AF1QipNbKROe-LcRYIB8J3QhMOMbFc2n85k0ot8Ht24p=w203-h152-k-no;
https://lh5.googleusercontent.com/p/AF1QipO2_6W9WkWxDcHw-JIveDUPMJJmYHwCjfz-cRH2=w203-h152-k-no;
https://lh5.googleusercontent.com/p/AF1QipMcdt-1DsMffE0x9zmUd2UXTqBQWqqHXup33fU=w203-h152-k-no;
https://lh5.googleusercontent.com/p/AF1QipP6DtiDnpLbNYFjNgF23ydOvWXSvsd_NqkNsiTo=w203-h152-k-no;
","https://lh5.googleusercontent.com/p/AF1QipNu1va8gm17ncLgCmTUirPzVflA0WkCzmMY_lZY=s563-k-no;
https://lh5.googleusercontent.com/p/AF1QipMxnPunxyx1OYACwX8KRRHuOoACUCj2QVuqAGO4=s483-k-no;
https://lh5.googleusercontent.com/p/AF1QipOY3AC39q8TuUmJXQrPadQboZkAuNhsBLPSyK4_=s635-k-no;
https://lh5.googleusercontent.com/p/AF1QipNu1va8gm17ncLgCmTUirPzVflA0WkCzmMY_lZY=w203-h152-k-no;
https://lh5.googleusercontent.com/p/AF1QipMxnPunxyx1OYACwX8KRRHuOoACUCj2QVuqAGO4=w203-h152-k-no;
https://lh5.googleusercontent.com/p/AF1QipOY3AC39q8TuUmJXQrPadQboZkAuNhsBLPSyK4_=w203-h270-k-no;
https://lh5.googleusercontent.com/p/AF1QipMk9ZJMjaxhK4wOnzyXGplkg-1ov9TO3l29ThD3=w205-h100-k-no;
","紅糟 16
淡菜 11
炸 9
道 8
貓 8
黃金 7
廚師 7
炒 7
辣椒醬 5
"
 馬路邊News餐廳  ,4.2,餐廳,"星期日08:00–20:00
星期一08:00–20:00
星期二08:00–20:00
星期三08:00–20:00
星期四08:00–20:00
星期五08:00–20:00
星期六08:00–20:00
"," ·  內用 
 ·  外帶 
",209連江縣南竿鄉161號1樓,0921 070 257,119.9376107,26.1521622,5 則評論," 陳侑聰 
5
  會讓人想再來 "," QQ QQ 
5
  檸泰式檸檬焗烤飯好吃 "," hoiyan ng 
5
  不錯吃，服務親切 "," dreska ng 
5
  好吃的火鍋與燉飯 "," Yi Feng 邱奕鋒 (FongKK) 
1
  食物環境品質優質 沒話說
但是電話是拿來裝飾的嗎？
門口寫可預約兩隻電話打都打不通我是要跟那位神仙預約？ ","https://lh5.googleusercontent.com/p/AF1QipMdV6XRrTepA1-EOptbMswiwQ5leS7FSCO0wQzV=w203-h152-k-no;
https://lh5.googleusercontent.com/p/AF1QipNKdoCKPEezoxGQDlC3EHfIGqfhvdqN-_M8Bif8=w203-h152-k-no;
https://lh5.googleusercontent.com/p/AF1QipP6AoaeEEoS0YSY0LVB0uC7pku7ePQmIy_oez3f=w203-h152-k-no;
https://lh5.googleusercontent.com/p/AF1QipNPktTVrdBb4zt2GeD6_Fhrl8zqH_sULiLNZ5Bx=w203-h152-k-no;
https://lh5.googleusercontent.com/p/AF1QipOGVJUZO01bxAVrWbt4DqBZBd0wcy093N-Z6X0G=w203-h152-k-no;
",,
 昕華飯店  ,4.1,"尚未提供時間
",尚未提供,08 367 7600,入住時間：上午10:00退房時間：下午6:45,120.4876174,26.3671316,77 則評論," 周懋祺 
0
   "," 張春萬 
0
   "," CC Chen 
0
   "," MINYEN HSIEH 
0
  地點跟服務態度都很好，謝謝老闆娘有求必應解決旅人需求，也幫我們處理台灣好行聯繫，感謝:folded_hands: "," 黃采葳 
0
   "," Dayu Lee 
0
   "," Ben Crossing 
0
   "," 林映岑 
0
   "," 湯旺地 
0
  雖然不大但是房間還算整潔 "," 蔣奉時 
0
  親切的服務，乾淨的環境。 ","https://lh5.googleusercontent.com/p/AF1QipM0FA-7QfHy_A1Qp0Ms0d9eklTtHz1OSPc4S52Y=w203-h152-k-no;
https://lh5.googleusercontent.com/p/AF1QipNCNC_CHmBAYoi4_Sto57x1ofvZjWoII9UxQ6QK=w203-h135-k-no;
https://lh5.googleusercontent.com/p/AF1QipMtHY7OnvNYw5WlEF88rCoW-xpV6xbwLb1XF5JB=w203-h114-k-no;
https://lh5.googleusercontent.com/p/AF1QipNHckjUUF5C4P_hLnR180jwmUTLNN-iCb8gpupk=w203-h152-k-no;
https://lh5.googleusercontent.com/p/AF1QipOx0X2i4gLxOXwKhSDfDvBKKxM6cKfHMAFzg4Y9=w203-h152-k-no;
",,
 鹹味島合作社  ,5.0,咖啡店,"星期日14:00–22:00
星期一14:00–22:00
星期二14:00–22:00
星期三14:00–22:00
星期四14:00–22:00
星期五14:00–22:00
星期六14:00–22:00
"," ·  內用 
",0934 363 090,120.486923,26.3670319,30 則評論," Wenting Wang 
5
  如果下午的太陽讓人瞇眼都太多，可以來個冰磚咖啡，就是很理想的一個什麼都不做的東引午後。 "," 我的眼中世界 
5
  很有特色，咖啡好喝，服務很好的全島最讚咖啡廳。 "," 林瑞如 
5
   "," I VAN 
5
  (由 Google 提供翻譯) 馬卡

(原始評論)
真香 "," Yuan-han Tu 
5
  在東引市區的小角落，從小七走下斜坡會在左手邊喔！
很多窗邊海景位可以優先待著一個下午！ "," 袁淑娟 
5
   "," Net Lin 
5
   "," Kiwy Ww 
5
  飲料好喝 甜點好吃 布丁超級推薦
造景很美~ "," Lin 
5
   "," 蔣曜宇 
5
  太喜歡這裡了，差一點就錯過回程的船了。人已在台北心中一直在想鹹味島窗外的夕陽。下午喝的拿鐵甜中帶鹹，晚上喝的調酒微醺爽口，一整天就在店裡度過，看駐地的阿兵哥來休息，看遊客來拍照，看在地叔叔阿姨來話家常。小島的日常好溫馨，一個外地人坐在這間店裡，覺得自己被包覆起來了，成了東引的一份子。 ","https://lh5.googleusercontent.com/p/AF1QipO3Pf4LED0-yJcvSO41df_C82sOpOMA6xCLmqM8=w203-h114-k-no;
https://lh5.googleusercontent.com/p/AF1QipPpZywCB6SSxB63kzWaDhA74Hb9UL4PEWs4zIR3=w203-h360-k-no;
https://lh5.googleusercontent.com/p/AF1QipPiCelrnLQ0vzL8ffmmBgai_eUKql81vO5atLHy=w203-h152-k-no;
https://lh5.googleusercontent.com/p/AF1QipN5h5tWRo89p12K6d16D1aTa--eufDVRbDWA8xk=w203-h270-k-no;
//:0
",,"甜點 5
酒 3
"
 東引依網生活館  ,4.4,"星期日07:00–21:00
星期一07:00–21:00
星期二07:00–21:00
星期三07:00–21:00
星期四07:00–21:00
星期五07:00–21:00
星期六07:00–21:00
",尚未提供,08 367 6176,120.4882256,26.3670103,27 則評論," 英雄 
5
   "," 許家禎 
4
   "," 小魯 
3
  電腦有些老舊 個人建議可以慢慢增加新電腦淘汰舊電腦避免造成有些遊戲跑不動 "," 邱皇樺 
3
   "," 常進事 
5
   "," Liang Chen 
5
   "," 黃宇正 
5
   "," 李瑞文 
5
   "," Twitch傑斯（傑斯和老婆卡娜） 
5
  東引當兵島休唯一去處 "," Cheng chih Liu 
3
  (由 Google 提供翻譯) 阿兵哥是主要的客人吧

(原始評論)
阿兵哥是主要的客人吧 ","https://lh5.googleusercontent.com/p/AF1QipOivoCYYITh0uYDlyC5XImqAFuSDjrl3DMzQeR6=w203-h152-k-no;
https://lh5.googleusercontent.com/p/AF1QipNB4TdogxCjGdjipoXPCZlzvUdij1IeC-gS13eT=w203-h152-k-no;
https://lh5.googleusercontent.com/p/AF1QipNVqjA8eOJTHZo8F_H-aLC1hoZd_0a9Ux-V8R-9=w203-h152-k-no;
https://lh5.googleusercontent.com/p/AF1QipNZQWwic7AdaWcpD8mk7dP6OBiG1TMltImARJ9W=w203-h270-k-no;
https://streetviewpixels-pa.googleapis.com/v1/thumbnail?panoid=pTGxaCTk9Jntr5EMq3eHog&cb_client=maps_sv.tactile.gps&w=203&h=100&yaw=265.37537&pitch=0&thumbfov=100;
",,
 楓樹林小吃  ,4.7,熟食店,"星期日09:30–14:0017:30–19:00
星期一09:30–14:0017:30–19:00
星期二09:30–14:0017:30–19:00
星期三09:30–14:0017:30–19:00
星期四09:30–14:0017:30–19:00
星期五09:30–14:0017:30–19:00
星期六09:30–14:0017:30–19:00
"," ·  外帶 
",119.9772879,25.9568998,106 則評論," Neil 
5
  餐點很好吃，飲料普普 "," 黃偉博 
5
  來島上唯一選擇！ "," Tsung Yen Lee 
5
  蔥油餅+蛋超大份超酥脆超好吃，建議必點，雞排也是宇宙大份，醬汁超讚，推薦。 "," AA “AAA” A 
4
  各式各樣小吃 但是7點關門喔~  *島上吃的很少~ "," 謝佩情 
5
  蔥油餅加蛋神好吃！ "," DIDISI HSU 
5
  蛋餅、國利豆腐不錯吃:thumbs_up: "," shuyin li 
5
  蔥油餅大力推，外皮如可頌麵包的酥 "," Weird 
4
  最推蔥油餅，不是主打蔥香或麵粉香，而是整個炸到脆的不像話；煉奶銀絲卷不錯；臭豆腐、雞排都不難吃，算是中規中矩，雞排骨頭很多；梅干扣肉燴飯不行，死鹹。 "," Mango Wu 
5
  兩人點了蔥油餅加蛋、銀絲卷、炸魷魚頭、炸雞排還有仙草奶凍，都很好吃，炸得酥酥脆脆的。 "," Chun 
1
  可惡被騙了東西超難吃  肉羹麵都是太白粉 豬耳朵有腥味 梅干扣肉超死鹹 一次性觀光客店 寧願吃小七 ","https://lh5.googleusercontent.com/p/AF1QipPZIK08FCTdJ6UfvP5b3kO3vd7lX8l2fdly82Lw=w203-h152-k-no;
https://lh5.googleusercontent.com/p/AF1QipOzHjqU8zRWm3kxRUirGhh9DZ3Ai1-JoXyxacvZ=w203-h152-k-no;
https://lh5.googleusercontent.com/p/AF1QipOdIIfGTgsvdbtrxVbo0HNs0KP4ZCEgg9HwZCk6=w203-h270-k-no;
https://lh5.googleusercontent.com/p/AF1QipNJj1fpd-ESa78Nf0Otwqi5E0QomnZKTf3n4jQ=w203-h270-k-no;
//:0
","https://lh5.googleusercontent.com/p/AF1QipPIT5WC15M123_CU8FwxsetuxZ_QAP0PqBq3O47=s508-k-no;
https://lh5.googleusercontent.com/p/AF1QipP1pLHUT72SwXzKt_z6KhC-4txEMGxo_s5p3Xq8=s635-k-no;
https://lh5.googleusercontent.com/p/AF1QipPIT5WC15M123_CU8FwxsetuxZ_QAP0PqBq3O47=w203-h267-k-no;
https://lh5.googleusercontent.com/p/AF1QipP1pLHUT72SwXzKt_z6KhC-4txEMGxo_s5p3Xq8=w203-h274-k-no;
https://lh5.googleusercontent.com/p/AF1QipO5NJ4NbTKi74B36PO8Ur0W1V7pMbQx5ikpKvT9=w203-h270-k-no;
https://lh5.googleusercontent.com/p/AF1QipMcun92wBKtYOvfSfNDlcxDh8xN3_xnWdF97nWe=w203-h270-k-no;
","蔥油餅 20
雞排 20
臭豆腐 15
銀絲卷 12
仙草 9
蛋餅 7
炸魷魚 6
豆花 6
麻辣鴨血 5
煉乳 5
"
 依嬤小吃店  ,4.5,台灣餐廳,"星期日10:30–14:0016:00–18:30
星期一10:30–14:0016:00–18:30
星期二10:30–14:0016:00–18:30
星期三10:30–14:0016:00–18:30
星期四10:30–14:0016:00–18:30
星期五10:30–14:0016:00–18:30
星期六10:30–14:0016:00–18:30
"," ·  內用 
 ·  外帶 
 ·  外送 
",連江縣北竿鄉210230號,119.9980898,26.2241405,138 則評論," 吳俊逸 
5
  早點來不然你永遠吃不到魚麵
阿嬤人超好會跟你說騎車慢點因為太多人為了吃麵摔車了 "," SC Fang (懶喵) 
5
   "," Yu-Hui Wu 
3
  (由 Google 提供翻譯) 本地美食

(原始評論)
Local food "," 楊銘芳 
4
   "," 包子A 
4
   "," 伍迪 
5
  不起眼的小店，但東西蠻好吃的！
家常乾麵：:glowing_star::glowing_star::glowing_star::glowing_star::glowing_star:
大推！麵條超Q，可以加辣加蒜醬更讚！ … "," 蔡松霖 
5
   "," Tree 
5
  麵好吃 肉燥也超好吃
會很懷念的那種:thumbs_up: "," Penguin Tsai 
5
  麵明顯是手工，非常有嚼勁，一點點辣提昇美味，在炎熱的夏天超級下飯，套餐搭配蛋花湯料很多，整個套餐非常推 "," Jimmy Tao 
5
  麵體口感彈牙，醬汁味道均衡，搭配三小瓢辣椒加正點！ ","https://lh5.googleusercontent.com/p/AF1QipM5Evk0sf3fy9y4dF1BtMldbowu0gGuiUgzcYnf=w203-h152-k-no;
https://lh5.googleusercontent.com/p/AF1QipPn5SVr4KsjV9XYJnwZiNpyovTkECPsFYiYOKqj=w203-h152-k-no;
https://lh5.googleusercontent.com/p/AF1QipNSA53hCxc4OguZOWcah7c-CtP-1sxvNc2WdilI=w203-h152-k-no;
https://lh5.googleusercontent.com/p/AF1QipPqxqx_5oJuqqtRvPpTjsfkolHEkYHSsUnOOhhF=w203-h270-k-no;
https://lh5.googleusercontent.com/p/AF1QipNLLxK2-qoEZxxyk9ZZIxsskiTIGWuQoFDL64x2=w203-h152-k-no;
","https://lh5.googleusercontent.com/p/AF1QipPIrgK1-9xv-BmHK5RUyF6lxX8aKF7wTdU6HOCO=s846-k-no;
https://lh5.googleusercontent.com/p/AF1QipO_ma-Cw4FPaMWmHpyKbs4mCJsPohwK1AfATCk3=s563-k-no;
https://lh5.googleusercontent.com/p/AF1QipPIrgK1-9xv-BmHK5RUyF6lxX8aKF7wTdU6HOCO=w203-h270-k-no;
https://lh5.googleusercontent.com/p/AF1QipO_ma-Cw4FPaMWmHpyKbs4mCJsPohwK1AfATCk3=w203-h152-k-no;
https://lh5.googleusercontent.com/p/AF1QipPorstv-FRLf3zrLD-1qR73y_4Jo-TPY5LH6t73=w203-h270-k-no;
","乾麵 49
蒜 20
阿嬤 14
老酒 14
麵線 14
肉燥 8
辣椒醬 7
彈牙 7
可愛 7
肉醬 6
"
